,10m_u_component_of_wind,10m_v_component_of_wind,2m_dewpoint_temperature,2m_temperature,cloud_base_height,convective_available_potential_energy,convective_inhibition,convective_precipitation,convective_rain_rate,convective_snowfall,geopotential_500,geopotential_1000,high_cloud_cover,instantaneous_10m_wind_gust,k_index,large_scale_precipitation,large_scale_snowfall,mean_large_scale_precipitation_rate,mean_top_net_long_wave_radiation_flux,mean_top_net_short_wave_radiation_flux,mean_total_precipitation_rate,mean_sea_level_pressure,mean_surface_latent_heat_flux,mean_surface_net_long_wave_radiation_flux,mean_surface_net_short_wave_radiation_flux,mean_vertically_integrated_moisture_divergence,surface_pressure,total_precipitation,total_totals_index
10m_u_component_of_wind,1.0,0.5678835840379415,0.9859293928902799,0.992345783628201,0.8467701895113129,0.10231970016396216,,0.8291110825902748,0.3014920667505369,0.8739803767245661,0.3746724225909665,0.11381112606016257,0.9326312014827575,0.9119962169055463,0.006277236567992291,0.691697194451817,0.9089107236158103,0.6916896766693034,0.11261255979172974,0.8972057106221349,0.06964504238530347,0.12517331191575928,0.8087109779637351,0.3070417865668824,0.8827182705308517,0.08005752692354019,0.9733110238880402,0.06960318211514015,0.7454741948679952
10m_v_component_of_wind,0.5678835840379415,1.0,0.5731876365605962,0.6291570950091552,0.998703084578566,0.007282557784525588,,0.9182011527117867,0.9235101966047443,0.1474622545627997,0.9323584666769558,0.8384011250052916,0.6952096857483038,0.8518534005745242,0.06991362255193069,0.04843673096561563,0.28221032307363564,0.048357058909662166,0.3879771526110345,0.21967568638911167,0.7194767301139332,0.8439843563142991,0.6089138700463893,0.25329614823718266,0.17323313302142251,0.5464648876233172,0.3951445279737162,0.7195467577954714,0.053556598230527434
2m_dewpoint_temperature,0.9859293928902799,0.5731876365605962,1.0,0.9952997568920608,0.8386537500217184,0.009127485950051698,,0.841126418603178,0.3280878564097299,0.8699981024115616,0.39720769682760304,0.10943046289232626,0.9664814972350129,0.8991055624412413,0.16921713106152533,0.7136205184038277,0.9342416440868423,0.7136342685261982,0.2380269476127476,0.9093827727015917,0.08230618538523697,0.12193381188571797,0.741050792201029,0.14973417172952325,0.8853567049088549,0.18209391494088464,0.9649795293232669,0.08224666160814839,0.7366990537855945
2m_temperature,0.992345783628201,0.6291570950091552,0.9952997568920608,1.0,0.8935421525687194,0.05106464538493749,,0.8737075937168789,0.3790004218181495,0.8438996035856,0.44673723935755455,0.175207912176264,0.9650131712625071,0.9340091500573008,0.10581024433696104,0.6629216059202229,0.9047892455728824,0.6629326658241651,0.14353424281351612,0.8810997983281724,0.008864168883753755,0.18713049333258025,0.7871942132678983,0.22662614194652764,0.8581058556684786,0.17601576161163077,0.9563423310381359,0.008809120890845509,0.702530170658217
cloud_base_height,0.8467701895113129,0.998703084578566,0.8386537500217184,0.8935421525687194,1.0,0.6423833583414378,,0.9529035602420581,0.9617702897829815,0.5906158769879557,0.9314800843679841,0.9445050069969796,0.75500550609794,0.9800959225659382,0.6993915963483691,0.5648451692497284,,0.5648499001600834,0.9992067292968803,,0.9016167016659445,0.9435228454616483,0.9826696705874266,0.9782345080448799,,0.03266486436757052,0.8754222759958915,0.9016359899387179,0.7631932370860716
convective_available_potential_energy,0.10231970016396216,0.007282557784525588,0.009127485950051698,0.05106464538493749,0.6423833583414378,1.0,,0.08638756299913233,0.3047588044676265,0.2556389148618345,0.3226186552132396,0.2554013653558845,0.18266015386325465,0.1205191095711886,0.3514609251928805,0.3657410753249808,0.11275459458389447,0.3658759439821564,0.5032408084554743,0.18060814643626621,0.294531849796847,0.2597145696952505,0.6196835355021599,0.6813637696956646,0.22816507841941602,0.8056922824661926,0.18325716737255862,0.29439921409669,0.35371599704667295
convective_inhibition,,,,,,,,,,,,,,,,,,,,,,,,,,,,,
convective_precipitation,0.8291110825902748,0.9182011527117867,0.841126418603178,0.8737075937168789,0.9529035602420581,0.08638756299913233,,1.0,0.7796580815885928,0.48142390325527096,0.8216384881392522,0.6245889490743513,0.9198861956175792,0.9687280972435182,0.11498229821777704,0.34392638869088943,0.6063246097682959,0.343993268544543,0.11870192771121287,0.5504006710971724,0.39558223848951424,0.6342896233609616,0.6961580753526544,0.20589513951219363,0.5064719627328759,0.5005775885809486,0.6963934855661246,0.3956655695410346,0.2782627914832332
convective_rain_rate,0.3014920667505369,0.9235101966047443,0.3280878564097299,0.3790004218181495,0.9617702897829815,0.3047588044676265,,0.7796580815885928,1.0,0.1708033552936624,0.9954707558279638,0.9599213074652235,0.5269257637565175,0.6303508274242322,0.1135156811034311,0.15167084824720328,0.002800325799286108,0.1515495284750789,0.35395967683291507,0.08274294912373042,0.719030487481642,0.9635304876582811,0.2660726239807475,0.043785389944861156,0.13965302769792293,0.7756076385859977,0.09396303169129602,0.7191277360077566,0.38027184932201685
convective_snowfall,0.8739803767245661,0.1474622545627997,0.8699981024115616,0.8438996035856,0.5906158769879557,0.2556389148618345,,0.48142390325527096,0.1708033552936624,1.0,0.10092777625742662,0.3752855437199113,0.7222146655221544,0.6315117828385886,0.1083179457339022,0.7618166724481965,0.9744415397453127,0.7617610889248683,0.3752493962562226,0.9925758024096498,0.3927341683837728,0.3645173716899193,0.6920766531143956,0.18346499260788385,0.9988940664874082,0.2588493549599899,0.9618763573898872,0.39273196857884707,0.9740248851140868
geopotential_500,0.3746724225909665,0.9323584666769558,0.39720769682760304,0.44673723935755455,0.9314800843679841,0.3226186552132396,,0.8216384881392522,0.9954707558279638,0.10092777625742662,1.0,0.9457030699484726,0.5897043529698944,0.6795410959212752,0.0871583892003704,0.06488388634363185,0.06410018821152874,0.06476556741063402,0.32958591533432585,0.014198504170993097,0.6648758546122603,0.9501380722421149,0.30424016589803815,0.06772525171817197,0.07039072128049124,0.7735448298169959,0.16699350253277792,0.664976438063511,0.3177816364900749
geopotential_1000,0.11381112606016257,0.8384011250052916,0.10943046289232626,0.175207912176264,0.9445050069969796,0.2554013653558845,,0.6245889490743513,0.9599213074652235,0.3752855437199113,0.9457030699484726,1.0,0.3104140623808729,0.4756650739650145,0.09521955436267464,0.324528564966293,0.24139460879795638,0.324423494857613,0.5497274126316605,0.3072841057073641,0.7746086331687396,0.9999023726095956,0.17071540236401123,0.16967229362827002,0.35257167910592,0.6888974757931631,0.10977601912556012,0.774682639026743,0.5647168520001176
high_cloud_cover,0.9326312014827575,0.6952096857483038,0.9664814972350129,0.9650131712625071,0.75500550609794,0.18266015386325465,,0.9198861956175792,0.5269257637565175,0.7222146655221544,0.5897043529698944,0.3104140623808729,1.0,0.9151718019612566,0.24581195185665086,0.6611591072618985,0.8342505595698393,0.6612142228946052,0.2290001509917359,0.7862591204507237,0.02664817815774789,0.32309734045936417,0.6352273363300169,0.03511588759101621,0.746436600469762,0.4243705789898509,0.8659214003318416,0.02673905641711414,0.5497889797539844
instantaneous_10m_wind_gust,0.9119962169055463,0.8518534005745242,0.8991055624412413,0.9340091500573008,0.9800959225659382,0.1205191095711886,,0.9687280972435182,0.6303508274242322,0.6315117828385886,0.6795410959212752,0.4756650739650145,0.9151718019612566,1.0,0.009863756118937984,0.38459832663238,0.7109348162956122,0.3846247614492894,0.1587939466973629,0.6769363682947528,0.33292157227097824,0.48521525614852656,0.8451399901280661,0.3642252242630521,0.6479132591547525,0.2723310787361501,0.8132503834445847,0.3329742373224178,0.456883016318863
k_index,0.006277236567992291,0.06991362255193069,0.16921713106152533,0.10581024433696104,0.6993915963483691,0.3514609251928805,,0.11498229821777704,0.1135156811034311,0.1083179457339022,0.0871583892003704,0.09521955436267464,0.24581195185665086,0.009863756118937984,1.0,0.10428456366048315,0.2686874080542006,0.10439020115932743,0.7198039257049623,0.19804437246991113,0.017912656629772948,0.08786571651893839,0.2310674472925198,0.8526162140261347,0.14591916723836112,0.47236670812061443,0.0656323641681936,0.017826681141744488,0.09382493485535125
large_scale_precipitation,0.691697194451817,0.04843673096561563,0.7136205184038277,0.6629216059202229,0.5648451692497284,0.3657410753249808,,0.34392638869088943,0.15167084824720328,0.7618166724481965,0.06488388634363185,0.324528564966293,0.6611591072618985,0.38459832663238,0.10428456366048315,1.0,0.7741619719668027,0.9999999850777109,0.6278545485794067,0.7726840455013037,0.7263520107743258,0.3135512625625457,0.1948907703135229,0.14113259211705714,0.7663916116140527,0.09765662711223723,0.739633430112013,0.7262896433537245,0.7071678348524647
large_scale_snowfall,0.9089107236158103,0.28221032307363564,0.9342416440868423,0.9047892455728824,,0.11275459458389447,,0.6063246097682959,0.002800325799286108,0.9744415397453127,0.06410018821152874,0.24139460879795638,0.8342505595698393,0.7109348162956122,0.2686874080542006,0.7741619719668027,1.0,0.7741438869177113,0.4452874962516519,0.9945194318636946,0.31339759998985484,0.22898264527063183,0.663181013030448,0.04372540617261989,0.9838480222598421,0.04783115194187435,0.9712265752882864,0.3133638351516516,0.9125539891852075
mean_large_scale_precipitation_rate,0.6916896766693034,0.048357058909662166,0.7136342685261982,0.6629326658241651,0.5648499001600834,0.3658759439821564,,0.343993268544543,0.1515495284750789,0.7617610889248683,0.06476556741063402,0.324423494857613,0.6612142228946052,0.3846247614492894,0.10439020115932743,0.9999999850777109,0.7741438869177113,1.0,0.627903838446146,0.7726483621189939,0.7263030509136245,0.31344534305861554,0.1948291030198998,0.14124786540482903,0.7663435184523196,0.09782556732885508,0.7396038538243064,0.7262406589925173,0.7070867331688421
mean_top_net_long_wave_radiation_flux,0.11261255979172974,0.3879771526110345,0.2380269476127476,0.14353424281351612,0.9992067292968803,0.5032408084554743,,0.11870192771121287,0.35395967683291507,0.3752493962562226,0.32958591533432585,0.5497274126316605,0.2290001509917359,0.1587939466973629,0.7198039257049623,0.6278545485794067,0.4452874962516519,0.627903838446146,1.0,0.4173188560867255,0.7010438912358277,0.5411906087475986,0.35891967223463933,0.8019154578389563,0.3943877675101144,0.20949388153136708,0.24024153052517358,0.7009723007840418,0.41190034833076794
mean_top_net_short_wave_radiation_flux,0.8972057106221349,0.21967568638911167,0.9093827727015917,0.8810997983281724,,0.18060814643626621,,0.5504006710971724,0.08274294912373042,0.9925758024096498,0.014198504170993097,0.3072841057073641,0.7862591204507237,0.6769363682947528,0.19804437246991113,0.7726840455013037,0.9945194318636946,0.7726483621189939,0.4173188560867255,1.0,0.3528812656175149,0.29555856515324963,0.6798572530515015,0.10710951484451801,0.997171370369295,0.1471858380850157,0.9724140855287678,0.3528620776154212,0.9475089257017315
mean_total_precipitation_rate,0.06964504238530347,0.7194767301139332,0.08230618538523697,0.008864168883753755,0.9016167016659445,0.294531849796847,,0.39558223848951424,0.719030487481642,0.3927341683837728,0.6648758546122603,0.7746086331687396,0.02664817815774789,0.33292157227097824,0.017912656629772948,0.7263520107743258,0.31339759998985484,0.7263030509136245,0.7010438912358277,0.3528812656175149,1.0,0.7709719924252388,0.31898022469099757,0.28882332548324474,0.37887726494406265,0.27085147453150976,0.2136810166274744,0.9999999879360346,0.48799070362346475
mean_sea_level_pressure,0.12517331191575928,0.8439843563142991,0.12193381188571797,0.18713049333258025,0.9435228454616483,0.2597145696952505,,0.6342896233609616,0.9635304876582811,0.3645173716899193,0.9501380722421149,0.9999023726095956,0.32309734045936417,0.48521525614852656,0.08786571651893839,0.3135512625625457,0.22898264527063183,0.31344534305861554,0.5411906087475986,0.29555856515324963,0.7709719924252388,1.0,0.1762408671195802,0.16542375096559875,0.34141896779729347,0.6944469076952209,0.09828727558375011,0.7710473784078689,0.5555948999061017
mean_surface_latent_heat_flux,0.8087109779637351,0.6089138700463893,0.741050792201029,0.7871942132678983,0.9826696705874266,0.6196835355021599,,0.6961580753526544,0.2660726239807475,0.6920766531143956,0.30424016589803815,0.17071540236401123,0.6352273363300169,0.8451399901280661,0.2310674472925198,0.1948907703135229,0.663181013030448,0.1948291030198998,0.35891967223463933,0.6798572530515015,0.31898022469099757,0.1762408671195802,1.0,0.6757089504510585,0.6872440125803386,0.2639214417987001,0.784242813844701,0.31894775599326985,0.6131172947592425
mean_surface_net_long_wave_radiation_flux,0.3070417865668824,0.25329614823718266,0.14973417172952325,0.22662614194652764,0.9782345080448799,0.6813637696956646,,0.20589513951219363,0.043785389944861156,0.18346499260788385,0.06772525171817197,0.16967229362827002,0.03511588759101621,0.3642252242630521,0.8526162140261347,0.14113259211705714,0.04372540617261989,0.14124786540482903,0.8019154578389563,0.10710951484451801,0.28882332548324474,0.16542375096559875,0.6757089504510585,1.0,0.15195087934874935,0.5402296872046104,0.25460071252938926,0.28872793200428454,0.17088282208693845
mean_surface_net_short_wave_radiation_flux,0.8827182705308517,0.17323313302142251,0.8853567049088549,0.8581058556684786,,0.22816507841941602,,0.5064719627328759,0.13965302769792293,0.9988940664874082,0.07039072128049124,0.35257167910592,0.746436600469762,0.6479132591547525,0.14591916723836112,0.7663916116140527,0.9838480222598421,0.7663435184523196,0.3943877675101144,0.997171370369295,0.37887726494406265,0.34141896779729347,0.6872440125803386,0.15195087934874935,1.0,0.21761491151874338,0.9666859271066447,0.3788686859912986,0.9662244795084018
mean_vertically_integrated_moisture_divergence,0.08005752692354019,0.5464648876233172,0.18209391494088464,0.17601576161163077,0.03266486436757052,0.8056922824661926,,0.5005775885809486,0.7756076385859977,0.2588493549599899,0.7735448298169959,0.6888974757931631,0.4243705789898509,0.2723310787361501,0.47236670812061443,0.09765662711223723,0.04783115194187435,0.09782556732885508,0.20949388153136708,0.1471858380850157,0.27085147453150976,0.6944469076952209,0.2639214417987001,0.5402296872046104,0.21761491151874338,1.0,0.07446095954659951,0.2709982584301743,0.4348764891014618
surface_pressure,0.9733110238880402,0.3951445279737162,0.9649795293232669,0.9563423310381359,0.8754222759958915,0.18325716737255862,,0.6963934855661246,0.09396303169129602,0.9618763573898872,0.16699350253277792,0.10977601912556012,0.8659214003318416,0.8132503834445847,0.0656323641681936,0.739633430112013,0.9712265752882864,0.7396038538243064,0.24024153052517358,0.9724140855287678,0.2136810166274744,0.09828727558375011,0.784242813844701,0.25460071252938926,0.9666859271066447,0.07446095954659951,1.0,0.21365632389593014,0.8772831442100354
total_precipitation,0.06960318211514015,0.7195467577954714,0.08224666160814839,0.008809120890845509,0.9016359899387179,0.29439921409669,,0.3956655695410346,0.7191277360077566,0.39273196857884707,0.664976438063511,0.774682639026743,0.02673905641711414,0.3329742373224178,0.017826681141744488,0.7262896433537245,0.3133638351516516,0.7262406589925173,0.7009723007840418,0.3528620776154212,0.9999999879360346,0.7710473784078689,0.31894775599326985,0.28872793200428454,0.3788686859912986,0.2709982584301743,0.21365632389593014,1.0,0.48801460965948945
total_totals_index,0.7454741948679952,0.053556598230527434,0.7366990537855945,0.702530170658217,0.7631932370860716,0.35371599704667295,,0.2782627914832332,0.38027184932201685,0.9740248851140868,0.3177816364900749,0.5647168520001176,0.5497889797539844,0.456883016318863,0.09382493485535125,0.7071678348524647,0.9125539891852075,0.7070867331688421,0.41190034833076794,0.9475089257017315,0.48799070362346475,0.5555948999061017,0.6131172947592425,0.17088282208693845,0.9662244795084018,0.4348764891014618,0.8772831442100354,0.48801460965948945,1.0
